phan_tich,uoc_luong,ci_lower,ci_upper,p_value
Mean G3,10.415189873417722,9.961991937034202,10.868387809801241,
higher: yes - no,3.8080000000000007,1.509445892148002,6.106554107851999,0.002440033985581919
failures: Kruskal-Wallis,53.11507005042824,,,1.7326673682737874e-11
Walc vs G3: Spearman,-0.10445859969861528,,,0.03797037796122459
