term,coefficient,p_value
Intercept,9.865563151614005,3.2172567410505886e-57
guided_review,2.3859213856767756,0.0008097267683508026
study_reminders,1.1399169009124108,0.10712140618665497
guided_review:study_reminders,-1.7149696564638097,0.08659553955484348
