target_effect_points,standardized_effect_d,n_per_arm,total_sample_size
0.5,0.10913592997972738,1319,2638
1.0,0.21827185995945475,331,662
1.5,0.3274077899391821,148,296
2.0,0.4365437199189095,84,168
