term,coefficient,p_value
Intercept,9.865563151614012,3.217256741050125e-57
guided_review,2.3859213856767703,0.0008097267683508255
study_reminders,1.1399169009124144,0.10712140618665371
guided_review:study_reminders,-1.7149696564638157,0.08659553955484098
